Name,Platform,Followers,Engagement,Niche,Email,Profile URL,Content Theme,Status,Filter Reason,Email Pitch,Email Word Count,Instagram DM,DM Word Count
Maya Lin,Instagram,28400,3.8%,Fashion & Beauty,collabs.mayalin@gmail.com,https://instagram.com/mayaglows,"Glass Skin Routines, Drugstore Skincare, Morning Reset",PASSED,"[PASSED] Category 'Fashion & Beauty' matches target 'Fashion & Beauty'; Follower count (28,400) within valid range [5,000 - 100,000]; Engagement rate (3.8%) meets quality threshold (>= 2.0%); Content relevance verified with signals: skin, skincare, barrier","Hi Maya,

Loved your recent post ""5 Affordable Barrier Repair Creams Under $20""—your aesthetic and honest product reviews are so refreshing. I'm Alex with GlowAura Botanicals. We formulate gentle, botanical barrier essentials like our Hydrating Barrier Serum. Given your passion for glass skin routines, we'd be thrilled to send you our full PR collection and discuss a paid ambassador partnership. Would you be open to checking out our creative brief this week?

Cheers,
Alex Morgan",76,"Hey Maya, loved your recent ""5 Affordable Barrier Repair..."" video! Would love to gift you our GlowAura Botanicals barrier serum for a collab—interested?",24
Elena Rostova,Instagram,41200,4.1%,Fashion & Beauty,elena.mgmt@gmail.com,https://instagram.com/elena_minimalist,"Capsule Wardrobe, Clean Beauty, Neutral Aesthetics",PASSED,"[PASSED] Category 'Fashion & Beauty' matches target 'Fashion & Beauty'; Follower count (41,200) within valid range [5,000 - 100,000]; Engagement rate (4.1%) meets quality threshold (>= 2.0%); Content relevance verified with signals: beauty, clean, makeup","Hi Elena,

I came across your feature on ""10-Piece Spring Capsule Wardrobe & Daily Dewy Makeup"" and loved how thoughtfully you explained ingredients. I'm reaching out from GlowAura Botanicals. We recently launched our Hydrating Barrier Serum, formulated with clean botanicals for dehydrated skin. Your capsule wardrobe audience aligns seamlessly with our community, and we'd love to collaborate on a sponsored placement this month. Are you open to reviewing our campaign brief and rate card?

Warmly,
Alex Morgan",77,"Hi Elena, big fan of your ""10-Piece Spring Capsule Wardrobe..."" content! Would love to collaborate with GlowAura Botanicals—can I send you details?",24
Jordan Taylor,YouTube,64300,5.2%,Fashion & Beauty,jordan@skinlabmedia.com,https://youtube.com/@jordanskinlab,"Cosmetic Chemistry, Acne Journeys, Sunscreen Tests",PASSED,"[PASSED] Category 'Fashion & Beauty' matches target 'Fashion & Beauty'; Follower count (64,300) within valid range [5,000 - 100,000]; Engagement rate (5.2%) meets quality threshold (>= 2.0%); Content relevance verified with signals: skin, barrier, serum","Hi Jordan,

Really enjoyed your breakdown on ""Dermatologist Approved Barrier Serums Ranked (Dry vs Oily Skin)""—your science-backed, transparent, highly analytical style resonated with me. I lead creator partnerships at GlowAura Botanicals. We formulate Hydrating Barrier Serum targeting barrier repair with botanical squalane and ceramides. Seeing your focus on cosmetic chemistry, we would love to sponsor a dedicated routine integration or UGC feature. Could I send across our brief and sample kit for you to test?

Best,
Alex Morgan",80,"Hey Jordan! Loved your post on ""Dermatologist Approved Barrier Serums..."". Would love to partner on our GlowAura Botanicals campaign—open to chatting?",22
Chloe Vance,TikTok,89500,4.7%,Fashion & Beauty,chloevance.partnerships@gmail.com,https://tiktok.com/@chloevancebeauty,"Viral Makeup Dupes, Get Ready With Me, Drugstore Gems",PASSED,"[PASSED] Category 'Fashion & Beauty' matches target 'Fashion & Beauty'; Follower count (89,500) within valid range [5,000 - 100,000]; Engagement rate (4.7%) meets quality threshold (>= 2.0%); Content relevance verified with signals: serum, makeup","Hi Chloe,

Really enjoyed your breakdown on ""Trying high-end serum dupes on half my face for 12 hours""—your energetic, gen-z relatable, quick-cut demos style resonated with me. I lead creator partnerships at GlowAura Botanicals. We formulate Hydrating Barrier Serum targeting barrier repair with botanical squalane and ceramides. Seeing your focus on viral makeup dupes, we would love to sponsor a dedicated routine integration or UGC feature. Could I send across our brief and sample kit for you to test?

Best,
Alex Morgan",86,"Hey Chloe! Loved your post on ""Trying high-end serum dupes..."". Would love to partner on our GlowAura Botanicals campaign—open to chatting?",23
Aria Patel,Instagram,18700,3.4%,Fashion & Beauty,ariapatel.collab@gmail.com,https://instagram.com/ariapatel_style,"South Asian Beauty, Sustainable Thrift, Clean Skincare",PASSED,"[PASSED] Category 'Fashion & Beauty' matches target 'Fashion & Beauty'; Follower count (18,700) within valid range [5,000 - 100,000]; Engagement rate (3.4%) meets quality threshold (>= 2.0%); Content relevance verified with signals: skin, beauty, skincare","Hi Aria,

I came across your feature on ""Hyperpigmentation Safe Botanicals & Minimal Everyday Base"" and loved how thoughtfully you explained ingredients. I'm reaching out from GlowAura Botanicals. We recently launched our Hydrating Barrier Serum, formulated with clean botanicals for dehydrated skin. Your south asian beauty audience aligns seamlessly with our community, and we'd love to collaborate on a sponsored placement this month. Are you open to reviewing our campaign brief and rate card?

Warmly,
Alex Morgan",76,"Hi Aria, big fan of your ""Hyperpigmentation Safe Botanicals &..."" content! Would love to collaborate with GlowAura Botanicals—can I send you details?",22
Samira Khan,Instagram,12400,2.9%,Fashion & Beauty,Not Found,https://instagram.com/samiraglow,"Everyday Natural Glam, Hydration Essentials, Lip Combos",PASSED,"[PASSED] Category 'Fashion & Beauty' matches target 'Fashion & Beauty'; Follower count (12,400) within valid range [5,000 - 100,000]; Engagement rate (2.9%) meets quality threshold (>= 2.0%); Content relevance verified with signals: skin, barrier, hydrat","Hi Samira,

I came across your feature on ""My 5-minute morning routine when my skin barrier feels stripped"" and loved how thoughtfully you explained ingredients. I'm reaching out from GlowAura Botanicals. We recently launched our Hydrating Barrier Serum, formulated with clean botanicals for dehydrated skin. Your everyday natural glam audience aligns seamlessly with our community, and we'd love to collaborate on a sponsored placement this month. Are you open to reviewing our campaign brief and rate card?

Warmly,
Alex Morgan",81,"Hi Samira, big fan of your ""My 5-minute morning routine..."" content! Would love to collaborate with GlowAura Botanicals—can I send you details?",24
Marcus Chen,YouTube,52000,3.9%,Technology,marcus@chentech.io,https://youtube.com/@marcus_techglow,"Desk Setups, Apple Ecosystem, Productivity Gadgets",FAILED,[FAILED] Category 'Technology' does not match target niche 'Fashion & Beauty'; Content themes show insufficient alignment with brand vertical,N/A (Failed Filtering),0,N/A (Failed Filtering),0
Kylie Thorne,Instagram,138000,1.7%,Fashion & Beauty,bookings@thornecollective.com,https://instagram.com/kyliethorne_couture,"Luxury Hauls, Fashion Week, Designer Unboxings",FAILED,"[FAILED] Follower count (138,000) exceeds micro-influencer ceiling (100,000); Engagement rate (1.7%) is below minimum threshold (2.0%)",N/A (Failed Filtering),0,N/A (Failed Filtering),0
Lily Evans,TikTok,32600,5.8%,Fashion & Beauty,lilycurls.pr@gmail.com,https://tiktok.com/@lilycurls,"Curly Hair Care, Hydration Tips, Clean Ingredients",PASSED,"[PASSED] Category 'Fashion & Beauty' matches target 'Fashion & Beauty'; Follower count (32,600) within valid range [5,000 - 100,000]; Engagement rate (5.8%) meets quality threshold (>= 2.0%); Content relevance verified with signals: clean, hair, hydrat","Hi Lily,

Really enjoyed your breakdown on ""Wash day routine for 3B curls using zero sulfated products""—your vibrant, educational, step-by-step routines style resonated with me. I lead creator partnerships at GlowAura Botanicals. We formulate Hydrating Barrier Serum targeting barrier repair with botanical squalane and ceramides. Seeing your focus on curly hair care, we would love to sponsor a dedicated routine integration or UGC feature. Could I send across our brief and sample kit for you to test?

Best,
Alex Morgan",83,"Hey Lily! Loved your post on ""Wash day routine for..."". Would love to partner on our GlowAura Botanicals campaign—open to chatting?",22
Brooke Adams,Instagram,22100,1.4%,Fashion & Beauty,contact@brookewellness.com,https://instagram.com/brooke_wellness,"Holistic Living, Matcha Recipes, Gentle Skincare",FAILED,[FAILED] Engagement rate (1.4%) is below minimum threshold (2.0%),N/A (Failed Filtering),0,N/A (Failed Filtering),0
Nia Robinson,YouTube,48900,4.6%,Fashion & Beauty,partnerships@niarobinson.com,https://youtube.com/@niarobinsonbeauty,"Melanin Rich Skincare, Hydrating Serums, No-Makeup Makeup",PASSED,"[PASSED] Category 'Fashion & Beauty' matches target 'Fashion & Beauty'; Follower count (48,900) within valid range [5,000 - 100,000]; Engagement rate (4.6%) meets quality threshold (>= 2.0%); Content relevance verified with signals: skin, skincare, serum","Hi Nia,

Really enjoyed your breakdown on ""Top 5 Serums That Won't Leave A White Cast on Brown Skin""—your trustworthy, informative, friendly sister energy style resonated with me. I lead creator partnerships at GlowAura Botanicals. We formulate Hydrating Barrier Serum targeting barrier repair with botanical squalane and ceramides. Seeing your focus on melanin rich skincare, we would love to sponsor a dedicated routine integration or UGC feature. Could I send across our brief and sample kit for you to test?

Best,
Alex Morgan",84,"Hey Nia! Loved your post on ""Top 5 Serums That..."". Would love to partner on our GlowAura Botanicals campaign—open to chatting?",22
Zack Davies,YouTube,71000,2.8%,Crypto,zack@cryptogainshub.com,https://youtube.com/@zackcryptogains,"Altcoins, Trading Strategies, DeFi Yields",FAILED,[FAILED] Category 'Crypto' does not match target niche 'Fashion & Beauty'; Content themes show insufficient alignment with brand vertical,N/A (Failed Filtering),0,N/A (Failed Filtering),0
Hannah Wright,Instagram,3100,4.9%,Fashion & Beauty,hannah.skinquotes@gmail.com,https://instagram.com/hannah_skinquotes,"Skincare Memes, Affordable Moisturisers, Skin Positivity",FAILED,"[FAILED] Follower count (3,100) is below micro-influencer floor (5,000)",N/A (Failed Filtering),0,N/A (Failed Filtering),0
Sofia Rossi,Instagram,55400,3.7%,Fashion & Beauty,press@sofiarossibeauty.it,https://instagram.com/sofiarossibeauty,"Mediterranean Glow, Organic Beauty, Dewy Foundations",PASSED,"[PASSED] Category 'Fashion & Beauty' matches target 'Fashion & Beauty'; Follower count (55,400) within valid range [5,000 - 100,000]; Engagement rate (3.7%) meets quality threshold (>= 2.0%); Content relevance verified with signals: skin, beauty, glow","Hi Sofia,

Loved your recent post ""Olive squalane vs Hyaluronic Acid: Which plumps skin better?""—your aesthetic and honest product reviews are so refreshing. I'm Alex with GlowAura Botanicals. We formulate gentle, botanical barrier essentials like our Hydrating Barrier Serum. Given your passion for mediterranean glow, we'd be thrilled to send you our full PR collection and discuss a paid ambassador partnership. Would you be open to checking out our creative brief this week?

Cheers,
Alex Morgan",77,"Hey Sofia, loved your recent ""Olive squalane vs Hyaluronic..."" video! Would love to gift you our GlowAura Botanicals barrier serum for a collab—interested?",24
Tara Simmons,TikTok,74300,6.1%,Fashion & Beauty,tara@cloutmgmt.agency,https://tiktok.com/@tarasimmons_style,"GRWM Makeup, Lip Tint Swatches, Hydration Hacks",PASSED,"[PASSED] Category 'Fashion & Beauty' matches target 'Fashion & Beauty'; Follower count (74,300) within valid range [5,000 - 100,000]; Engagement rate (6.1%) meets quality threshold (>= 2.0%); Content relevance verified with signals: hydrat, makeup","Hi Tara,

I came across your feature on ""Rating every hydrating lip oil in my collection from worst to best"" and loved how thoughtfully you explained ingredients. I'm reaching out from GlowAura Botanicals. We recently launched our Hydrating Barrier Serum, formulated with clean botanicals for dehydrated skin. Your grwm makeup audience aligns seamlessly with our community, and we'd love to collaborate on a sponsored placement this month. Are you open to reviewing our campaign brief and rate card?

Warmly,
Alex Morgan",81,"Hi Tara, big fan of your ""Rating every hydrating lip..."" content! Would love to collaborate with GlowAura Botanicals—can I send you details?",23
Devon Miller,Instagram,44000,3.2%,Fitness,devon@ironathlete.com,https://instagram.com/devonfitness,"Hypertrophy, High Protein Meal Prep, Calisthenics",FAILED,[FAILED] Category 'Fitness' does not match target niche 'Fashion & Beauty'; Content themes show insufficient alignment with brand vertical,N/A (Failed Filtering),0,N/A (Failed Filtering),0
Jessica Albright,Instagram,19800,4.5%,Fashion & Beauty,jessica@albrightcreative.com,https://instagram.com/jessica_botanical,"Herbal Skincare, Plant-Based Serums, Eco Packaging",PASSED,"[PASSED] Category 'Fashion & Beauty' matches target 'Fashion & Beauty'; Follower count (19,800) within valid range [5,000 - 100,000]; Engagement rate (4.5%) meets quality threshold (>= 2.0%); Content relevance verified with signals: skin, skincare, serum","Hi Jessica,

Loved your recent post ""Why Centella Asiatica & Botanical Hyaluronic Acid saved my rosacea""—your aesthetic and honest product reviews are so refreshing. I'm Alex with GlowAura Botanicals. We formulate gentle, botanical barrier essentials like our Hydrating Barrier Serum. Given your passion for herbal skincare, we'd be thrilled to send you our full PR collection and discuss a paid ambassador partnership. Would you be open to checking out our creative brief this week?

Cheers,
Alex Morgan",77,"Hey Jessica, loved your recent ""Why Centella Asiatica &..."" video! Would love to gift you our GlowAura Botanicals barrier serum for a collab—interested?",23
Chloe Dupont,Instagram,67200,3.6%,Fashion & Beauty,chloe.mgmt@dupontparis.fr,https://instagram.com/chloedupont_paris,"French Pharmacy Skincare, Effortless Hair, Parisiene Chic",PASSED,"[PASSED] Category 'Fashion & Beauty' matches target 'Fashion & Beauty'; Follower count (67,200) within valid range [5,000 - 100,000]; Engagement rate (3.6%) meets quality threshold (>= 2.0%); Content relevance verified with signals: skin, skincare, hair","Hi Chloe,

I came across your feature on ""Cult French pharmacy staples I buy in bulk whenever I'm in Paris"" and loved how thoughtfully you explained ingredients. I'm reaching out from GlowAura Botanicals. We recently launched our Hydrating Barrier Serum, formulated with clean botanicals for dehydrated skin. Your french pharmacy skincare audience aligns seamlessly with our community, and we'd love to collaborate on a sponsored placement this month. Are you open to reviewing our campaign brief and rate card?

Warmly,
Alex Morgan",82,"Hi Chloe, big fan of your ""Cult French pharmacy staples..."" content! Would love to collaborate with GlowAura Botanicals—can I send you details?",23
Liam Vance,YouTube,38500,4.2%,Fashion & Beauty,collabs@liamvance.com,https://youtube.com/@liam_grooming,"Men's Skincare, Beard Hydration, Hair Styling",PASSED,"[PASSED] Category 'Fashion & Beauty' matches target 'Fashion & Beauty'; Follower count (38,500) within valid range [5,000 - 100,000]; Engagement rate (4.2%) meets quality threshold (>= 2.0%); Content relevance verified with signals: skin, skincare, hair","Hi Liam,

Loved your recent post ""Simple 3-Step Morning Skincare Routine For Men With Sensitive Skin""—your aesthetic and honest product reviews are so refreshing. I'm Alex with GlowAura Botanicals. We formulate gentle, botanical barrier essentials like our Hydrating Barrier Serum. Given your passion for men's skincare, we'd be thrilled to send you our full PR collection and discuss a paid ambassador partnership. Would you be open to checking out our creative brief this week?

Cheers,
Alex Morgan",79,"Hey Liam, loved your recent ""Simple 3-Step Morning Skincare..."" video! Would love to gift you our GlowAura Botanicals barrier serum for a collab—interested?",25
Gemma Scott,TikTok,29800,5.4%,Fashion & Beauty,Not Found,https://tiktok.com/@gemmascott_glow,"Skin Barrier Health, Cruelty Free Makeup, Hydrating Mists",PASSED,"[PASSED] Category 'Fashion & Beauty' matches target 'Fashion & Beauty'; Follower count (29,800) within valid range [5,000 - 100,000]; Engagement rate (5.4%) meets quality threshold (>= 2.0%); Content relevance verified with signals: skin, barrier, serum","Hi Gemma,

I came across your feature on ""Signs your skin barrier is damaged and the 1 serum that fixes it"" and loved how thoughtfully you explained ingredients. I'm reaching out from GlowAura Botanicals. We recently launched our Hydrating Barrier Serum, formulated with clean botanicals for dehydrated skin. Your skin barrier health audience aligns seamlessly with our community, and we'd love to collaborate on a sponsored placement this month. Are you open to reviewing our campaign brief and rate card?

Warmly,
Alex Morgan",83,"Hi Gemma, big fan of your ""Signs your skin barrier..."" content! Would love to collaborate with GlowAura Botanicals—can I send you details?",23
Serena Morales,Instagram,82100,3.9%,Fashion & Beauty,serena@thesparkagency.co,https://instagram.com/serenamoralesbeauty,"Dewy Makeup, Latinx Beauty Creators, Lip Liners",PASSED,"[PASSED] Category 'Fashion & Beauty' matches target 'Fashion & Beauty'; Follower count (82,100) within valid range [5,000 - 100,000]; Engagement rate (3.9%) meets quality threshold (>= 2.0%); Content relevance verified with signals: skin, beauty, glow","Hi Serena,

Loved your recent post ""Glowing skin prep before applying full coverage foundation""—your aesthetic and honest product reviews are so refreshing. I'm Alex with GlowAura Botanicals. We formulate gentle, botanical barrier essentials like our Hydrating Barrier Serum. Given your passion for dewy makeup, we'd be thrilled to send you our full PR collection and discuss a paid ambassador partnership. Would you be open to checking out our creative brief this week?

Cheers,
Alex Morgan",76,"Hey Serena, loved your recent ""Glowing skin prep before..."" video! Would love to gift you our GlowAura Botanicals barrier serum for a collab—interested?",24
Ethan Cole,YouTube,92000,4.0%,Gaming,ethancole@evolvegaming.tv,https://youtube.com/@ethancolegaming,"Elden Ring Builds, Speedruns, Hardware Benchmarks",FAILED,[FAILED] Category 'Gaming' does not match target niche 'Fashion & Beauty'; Content themes show insufficient alignment with brand vertical,N/A (Failed Filtering),0,N/A (Failed Filtering),0
Phoebe Brooks,Instagram,15200,3.6%,Fashion & Beauty,phoebeglows@gmail.com,https://instagram.com/phoebeglows,"Acne Safe Routines, Clean Foundations, Gentle Cleansers",PASSED,"[PASSED] Category 'Fashion & Beauty' matches target 'Fashion & Beauty'; Follower count (15,200) within valid range [5,000 - 100,000]; Engagement rate (3.6%) meets quality threshold (>= 2.0%); Content relevance verified with signals: serum, clean, hydrat","Hi Phoebe,

I came across your feature on ""Non-comedogenic hydrating serums that won't trigger cystic acne"" and loved how thoughtfully you explained ingredients. I'm reaching out from GlowAura Botanicals. We recently launched our Hydrating Barrier Serum, formulated with clean botanicals for dehydrated skin. Your acne safe routines audience aligns seamlessly with our community, and we'd love to collaborate on a sponsored placement this month. Are you open to reviewing our campaign brief and rate card?

Warmly,
Alex Morgan",79,"Hi Phoebe, big fan of your ""Non-comedogenic hydrating serums that..."" content! Would love to collaborate with GlowAura Botanicals—can I send you details?",24
Danielle Cooper,Instagram,47600,4.8%,Fashion & Beauty,daniellecooper.collabs@gmail.com,https://instagram.com/danielle_curlqueen,"Type 4 Hair Care, Scalp Serums, Protective Styling",PASSED,"[PASSED] Category 'Fashion & Beauty' matches target 'Fashion & Beauty'; Follower count (47,600) within valid range [5,000 - 100,000]; Engagement rate (4.8%) meets quality threshold (>= 2.0%); Content relevance verified with signals: serum, hair, hydrat","Hi Danielle,

Really enjoyed your breakdown on ""Hydrating my scalp and tight coils during dry winter months""—your warm, inspiring, educational close-ups style resonated with me. I lead creator partnerships at GlowAura Botanicals. We formulate Hydrating Barrier Serum targeting barrier repair with botanical squalane and ceramides. Seeing your focus on type 4 hair care, we would love to sponsor a dedicated routine integration or UGC feature. Could I send across our brief and sample kit for you to test?

Best,
Alex Morgan",83,"Hey Danielle! Loved your post on ""Hydrating my scalp and..."". Would love to partner on our GlowAura Botanicals campaign—open to chatting?",22
Natasha Ward,Instagram,36100,3.1%,Fashion & Beauty,natasha@wardstylepr.co.uk,https://instagram.com/natashaward_style,"London Street Style, Minimal Chic, Lip Oils",PASSED,"[PASSED] Category 'Fashion & Beauty' matches target 'Fashion & Beauty'; Follower count (36,100) within valid range [5,000 - 100,000]; Engagement rate (3.1%) meets quality threshold (>= 2.0%); Content relevance verified with signals: clean, makeup, style","Hi Natasha,

I came across your feature on ""Autumn layering ideas with clean dewy makeup touches"" and loved how thoughtfully you explained ingredients. I'm reaching out from GlowAura Botanicals. We recently launched our Hydrating Barrier Serum, formulated with clean botanicals for dehydrated skin. Your london street style audience aligns seamlessly with our community, and we'd love to collaborate on a sponsored placement this month. Are you open to reviewing our campaign brief and rate card?

Warmly,
Alex Morgan",78,"Hi Natasha, big fan of your ""Autumn layering ideas with..."" content! Would love to collaborate with GlowAura Botanicals—can I send you details?",23
Rachel Bennett,TikTok,61400,4.9%,Fashion & Beauty,rachel@cleanbeautymanagement.com,https://tiktok.com/@rachelbennett_clean,"Clean Ingredient Reviews, EWG Verified, Serum Demos",PASSED,"[PASSED] Category 'Fashion & Beauty' matches target 'Fashion & Beauty'; Follower count (61,400) within valid range [5,000 - 100,000]; Engagement rate (4.9%) meets quality threshold (>= 2.0%); Content relevance verified with signals: serum, clean","Hi Rachel,

Really enjoyed your breakdown on ""Decoding ingredient lists: The truth about hyaluronic acid vs glycerin""—your smart, analytical, punchy short videos style resonated with me. I lead creator partnerships at GlowAura Botanicals. We formulate Hydrating Barrier Serum targeting barrier repair with botanical squalane and ceramides. Seeing your focus on clean ingredient reviews, we would love to sponsor a dedicated routine integration or UGC feature. Could I send across our brief and sample kit for you to test?

Best,
Alex Morgan",82,"Hey Rachel! Loved your post on ""Decoding ingredient lists: The..."". Would love to partner on our GlowAura Botanicals campaign—open to chatting?",22
Oliver Vance,Instagram,115000,2.2%,Fitness,oliver@vanceendurance.com,https://instagram.com/olivervance_fit,"Marathon Training, Clean Eating, Supplements",FAILED,"[FAILED] Category 'Fitness' does not match target niche 'Fashion & Beauty'; Follower count (115,000) exceeds micro-influencer ceiling (100,000)",N/A (Failed Filtering),0,N/A (Failed Filtering),0
Kavita Sharma,YouTube,23800,5.1%,Fashion & Beauty,kavita.ayurvedabeauty@gmail.com,https://youtube.com/@kavita_ayurvedabeauty,"Ayurvedic Skincare, Rosewater Toners, Botanical Extracts",PASSED,"[PASSED] Category 'Fashion & Beauty' matches target 'Fashion & Beauty'; Follower count (23,800) within valid range [5,000 - 100,000]; Engagement rate (5.1%) meets quality threshold (>= 2.0%); Content relevance verified with signals: skin, skincare, derma","Hi Kavita,

Really enjoyed your breakdown on ""Centella Asiatica + Saffron: Traditional herbs proven by modern dermatology""—your soothing, well-researched, holistic harmony style resonated with me. I lead creator partnerships at GlowAura Botanicals. We formulate Hydrating Barrier Serum targeting barrier repair with botanical squalane and ceramides. Seeing your focus on ayurvedic skincare, we would love to sponsor a dedicated routine integration or UGC feature. Could I send across our brief and sample kit for you to test?

Best,
Alex Morgan",80,"Hey Kavita! Loved your post on ""Centella Asiatica + Saffron:..."". Would love to partner on our GlowAura Botanicals campaign—open to chatting?",21
Mia Zhang,Instagram,49100,3.7%,Fashion & Beauty,mia@zhangcollective.co,https://instagram.com/miazhang_glow,"C-Beauty & K-Beauty, Glass Skin Essentials, Milky Toners",PASSED,"[PASSED] Category 'Fashion & Beauty' matches target 'Fashion & Beauty'; Follower count (49,100) within valid range [5,000 - 100,000]; Engagement rate (3.7%) meets quality threshold (>= 2.0%); Content relevance verified with signals: skin, beauty","Hi Mia,

Really enjoyed your breakdown on ""The exact 7-skin toner layering method for instant glass skin""—your aesthetic macro video, soft lo-fi music, clear swatches style resonated with me. I lead creator partnerships at GlowAura Botanicals. We formulate Hydrating Barrier Serum targeting barrier repair with botanical squalane and ceramides. Seeing your focus on c-beauty & k-beauty, we would love to sponsor a dedicated routine integration or UGC feature. Could I send across our brief and sample kit for you to test?

Best,
Alex Morgan",88,"Hey Mia! Loved your post on ""The exact 7-skin toner..."". Would love to partner on our GlowAura Botanicals campaign—open to chatting?",23
Claire Beaumont,Instagram,9100,3.9%,Fashion & Beauty,claire@slowbeautyjournal.com,https://instagram.com/claire_slowbeauty,"Slow Living, Botanical Oils, Sustainable Hauls",PASSED,"[PASSED] Category 'Fashion & Beauty' matches target 'Fashion & Beauty'; Follower count (9,100) within valid range [5,000 - 100,000]; Engagement rate (3.9%) meets quality threshold (>= 2.0%); Content relevance verified with signals: skin, skincare, barrier","Hi Claire,

Loved your recent post ""My mindful evening skincare ritual with plant-powered barrier oils""—your aesthetic and honest product reviews are so refreshing. I'm Alex with GlowAura Botanicals. We formulate gentle, botanical barrier essentials like our Hydrating Barrier Serum. Given your passion for slow living, we'd be thrilled to send you our full PR collection and discuss a paid ambassador partnership. Would you be open to checking out our creative brief this week?

Cheers,
Alex Morgan",78,"Hey Claire, loved your recent ""My mindful evening skincare..."" video! Would love to gift you our GlowAura Botanicals barrier serum for a collab—interested?",24
Siddharth Rao,YouTube,84000,2.5%,Fintech,sid@raofinance.com,https://youtube.com/@siddharth_fintech,"Index Funds, Credit Card Rewards, Personal Budgeting",FAILED,[FAILED] Category 'Fintech' does not match target niche 'Fashion & Beauty'; Content themes show insufficient alignment with brand vertical,N/A (Failed Filtering),0,N/A (Failed Filtering),0
Zoe Kravitz-Cole,TikTok,58300,4.6%,Fashion & Beauty,zoekcole.mgmt@gmail.com,https://tiktok.com/@zoekcole_style,"Clean Girl Makeup, Slick Buns, Hydrating Serums",PASSED,"[PASSED] Category 'Fashion & Beauty' matches target 'Fashion & Beauty'; Follower count (58,300) within valid range [5,000 - 100,000]; Engagement rate (4.6%) meets quality threshold (>= 2.0%); Content relevance verified with signals: skin, glow, serum","Hi Zoe,

I came across your feature on ""How to get radiant glowy skin without looking greasy under studio lights"" and loved how thoughtfully you explained ingredients. I'm reaching out from GlowAura Botanicals. We recently launched our Hydrating Barrier Serum, formulated with clean botanicals for dehydrated skin. Your clean girl makeup audience aligns seamlessly with our community, and we'd love to collaborate on a sponsored placement this month. Are you open to reviewing our campaign brief and rate card?

Warmly,
Alex Morgan",82,"Hi Zoe, big fan of your ""How to get radiant..."" content! Would love to collaborate with GlowAura Botanicals—can I send you details?",23
Alicia Sterling,Instagram,27500,3.8%,Fashion & Beauty,Not Found,https://instagram.com/aliciasterlingbeauty,"Sensitive Skin Tips, Ceramides & Peptides, Fragrance Free",PASSED,"[PASSED] Category 'Fashion & Beauty' matches target 'Fashion & Beauty'; Follower count (27,500) within valid range [5,000 - 100,000]; Engagement rate (3.8%) meets quality threshold (>= 2.0%); Content relevance verified with signals: skin, barrier","Hi Alicia,

I came across your feature on ""Fragrance-free barrier creams test: which ones truly calm irritation?"" and loved how thoughtfully you explained ingredients. I'm reaching out from GlowAura Botanicals. We recently launched our Hydrating Barrier Serum, formulated with clean botanicals for dehydrated skin. Your sensitive skin tips audience aligns seamlessly with our community, and we'd love to collaborate on a sponsored placement this month. Are you open to reviewing our campaign brief and rate card?

Warmly,
Alex Morgan",80,"Hi Alicia, big fan of your ""Fragrance-free barrier creams test:..."" content! Would love to collaborate with GlowAura Botanicals—can I send you details?",24
Lucas Morales,Instagram,4100,2.1%,Fitness,lucasfit@gmail.com,https://instagram.com/lucasfitlifestyle,"Home Workouts, Protein Shakes, Morning Mobility",FAILED,"[FAILED] Category 'Fitness' does not match target niche 'Fashion & Beauty'; Follower count (4,100) is below micro-influencer floor (5,000); Content themes show insufficient alignment with brand vertical",N/A (Failed Filtering),0,N/A (Failed Filtering),0
Ananya Joshi,Instagram,33400,4.4%,Fashion & Beauty,ananya.collaborations@gmail.com,https://instagram.com/ananyabeautydiary,"Botanical Extracts, Lip Balms, Glass Skin",PASSED,"[PASSED] Category 'Fashion & Beauty' matches target 'Fashion & Beauty'; Follower count (33,400) within valid range [5,000 - 100,000]; Engagement rate (4.4%) meets quality threshold (>= 2.0%); Content relevance verified with signals: skin, botanical, hydrat","Hi Ananya,

Really enjoyed your breakdown on ""Why plant-based squalane changed my dehydrated winter skin""—your vibrant, thoughtful reviews, aesthetic reels style resonated with me. I lead creator partnerships at GlowAura Botanicals. We formulate Hydrating Barrier Serum targeting barrier repair with botanical squalane and ceramides. Seeing your focus on botanical extracts, we would love to sponsor a dedicated routine integration or UGC feature. Could I send across our brief and sample kit for you to test?

Best,
Alex Morgan",80,"Hey Ananya! Loved your post on ""Why plant-based squalane changed..."". Would love to partner on our GlowAura Botanicals campaign—open to chatting?",23
Emily Watson,YouTube,78200,4.1%,Fashion & Beauty,emily@watsonmediahouse.com,https://youtube.com/@emilywatson_glow,"Over 30 Skincare, Peptides, Barrier Repair",PASSED,"[PASSED] Category 'Fashion & Beauty' matches target 'Fashion & Beauty'; Follower count (78,200) within valid range [5,000 - 100,000]; Engagement rate (4.1%) meets quality threshold (>= 2.0%); Content relevance verified with signals: skin, skincare, barrier","Hi Emily,

Loved your recent post ""Preventative Aging Routine: Ceramides, Botanical Oils & Sunscreen""—your aesthetic and honest product reviews are so refreshing. I'm Alex with GlowAura Botanicals. We formulate gentle, botanical barrier essentials like our Hydrating Barrier Serum. Given your passion for over 30 skincare, we'd be thrilled to send you our full PR collection and discuss a paid ambassador partnership. Would you be open to checking out our creative brief this week?

Cheers,
Alex Morgan",76,"Hey Emily, loved your recent ""Preventative Aging Routine: Ceramides,..."" video! Would love to gift you our GlowAura Botanicals barrier serum for a collab—interested?",24
Amber Liu,TikTok,95000,3.9%,Fashion & Beauty,amberliu.mgmt@gmail.com,https://tiktok.com/@amberliustyle,"Y2K Fashion, Dewy Blush Techniques, Everyday GRWM",PASSED,"[PASSED] Category 'Fashion & Beauty' matches target 'Fashion & Beauty'; Follower count (95,000) within valid range [5,000 - 100,000]; Engagement rate (3.9%) meets quality threshold (>= 2.0%); Content relevance verified with signals: skin, fashion","Hi Amber,

I came across your feature on ""Flawless skin prep before using liquid blush and bronze drops"" and loved how thoughtfully you explained ingredients. I'm reaching out from GlowAura Botanicals. We recently launched our Hydrating Barrier Serum, formulated with clean botanicals for dehydrated skin. Your y2k fashion audience aligns seamlessly with our community, and we'd love to collaborate on a sponsored placement this month. Are you open to reviewing our campaign brief and rate card?

Warmly,
Alex Morgan",79,"Hi Amber, big fan of your ""Flawless skin prep before..."" content! Would love to collaborate with GlowAura Botanicals—can I send you details?",23
Isabella Romano,Instagram,16900,5.0%,Fashion & Beauty,isabella@skincoachstudio.com,https://instagram.com/isabella_skincoach,"Skin Coaching, Barrier Restoration, Clean Formulations",PASSED,"[PASSED] Category 'Fashion & Beauty' matches target 'Fashion & Beauty'; Follower count (16,900) within valid range [5,000 - 100,000]; Engagement rate (5.0%) meets quality threshold (>= 2.0%); Content relevance verified with signals: skin, barrier, serum","Hi Isabella,

Loved your recent post ""My clients favorite barrier support serum for post-laser healing""—your aesthetic and honest product reviews are so refreshing. I'm Alex with GlowAura Botanicals. We formulate gentle, botanical barrier essentials like our Hydrating Barrier Serum. Given your passion for skin coaching, we'd be thrilled to send you our full PR collection and discuss a paid ambassador partnership. Would you be open to checking out our creative brief this week?

Cheers,
Alex Morgan",78,"Hey Isabella, loved your recent ""My clients favorite barrier..."" video! Would love to gift you our GlowAura Botanicals barrier serum for a collab—interested?",24
Nate Foster,YouTube,112000,1.9%,Technology,nate@fostertechmedia.com,https://youtube.com/@natefoster_tech,"Smart Home Devices, AI Tools, Mechanical Keyboards",FAILED,"[FAILED] Category 'Technology' does not match target niche 'Fashion & Beauty'; Follower count (112,000) exceeds micro-influencer ceiling (100,000); Engagement rate (1.9%) is below minimum threshold (2.0%); Content themes show insufficient alignment with brand vertical",N/A (Failed Filtering),0,N/A (Failed Filtering),0
Chloe Martin,Instagram,21500,1.2%,Fashion & Beauty,chloemartin.skincare@outlook.com,https://instagram.com/chloemartin_skincare,"Product Empties, Monthly Favorites, Serum Swatches",FAILED,[FAILED] Engagement rate (1.2%) is below minimum threshold (2.0%),N/A (Failed Filtering),0,N/A (Failed Filtering),0
Victoria Stone,YouTube,43200,4.3%,Fashion & Beauty,victoria@stonebeauty.co.uk,https://youtube.com/@victoriastone_beauty,"Cruelty Free, Clean Beauty Swatches, Hydration Essentials",PASSED,"[PASSED] Category 'Fashion & Beauty' matches target 'Fashion & Beauty'; Follower count (43,200) within valid range [5,000 - 100,000]; Engagement rate (4.3%) meets quality threshold (>= 2.0%); Content relevance verified with signals: beauty, barrier, serum","Hi Victoria,

Really enjoyed your breakdown on ""Botanical Barrier Serums tested for 30 days: Honest review""—your detailed, authentic, high-definition close-up tests style resonated with me. I lead creator partnerships at GlowAura Botanicals. We formulate Hydrating Barrier Serum targeting barrier repair with botanical squalane and ceramides. Seeing your focus on cruelty free, we would love to sponsor a dedicated routine integration or UGC feature. Could I send across our brief and sample kit for you to test?

Best,
Alex Morgan",82,"Hey Victoria! Loved your post on ""Botanical Barrier Serums tested..."". Would love to partner on our GlowAura Botanicals campaign—open to chatting?",22
Brooke Taylor,Instagram,51200,3.5%,Fashion & Beauty,Not Found,https://instagram.com/brooketaylor_ootd,"Seasonal Styling, Everyday Glow, Accessory Guides",PASSED,"[PASSED] Category 'Fashion & Beauty' matches target 'Fashion & Beauty'; Follower count (51,200) within valid range [5,000 - 100,000]; Engagement rate (3.5%) meets quality threshold (>= 2.0%); Content relevance verified with signals: skin, glow","Hi Brooke,

Really enjoyed your breakdown on ""Simple effortless street look paired with radiant dew-skin""—your urban chic, aspirational yet wearable fashion style resonated with me. I lead creator partnerships at GlowAura Botanicals. We formulate Hydrating Barrier Serum targeting barrier repair with botanical squalane and ceramides. Seeing your focus on seasonal styling, we would love to sponsor a dedicated routine integration or UGC feature. Could I send across our brief and sample kit for you to test?

Best,
Alex Morgan",81,"Hey Brooke! Loved your post on ""Simple effortless street look..."". Would love to partner on our GlowAura Botanicals campaign—open to chatting?",22
Maya Al-Mansoor,TikTok,67800,5.3%,Fashion & Beauty,maya.dermadiaries@gmail.com,https://tiktok.com/@maya_dermadiaries,"Dermatology Student Tips, Barrier Repair, Gentle Acids",PASSED,"[PASSED] Category 'Fashion & Beauty' matches target 'Fashion & Beauty'; Follower count (67,800) within valid range [5,000 - 100,000]; Engagement rate (5.3%) meets quality threshold (>= 2.0%); Content relevance verified with signals: skin, barrier, derma","Hi Maya,

Really enjoyed your breakdown on ""Why ceramides alone won't fix your skin without proper humectants""—your educational whiteboard breakdown, fast-paced, high value style resonated with me. I lead creator partnerships at GlowAura Botanicals. We formulate Hydrating Barrier Serum targeting barrier repair with botanical squalane and ceramides. Seeing your focus on dermatology student tips, we would love to sponsor a dedicated routine integration or UGC feature. Could I send across our brief and sample kit for you to test?

Best,
Alex Morgan",84,"Hey Maya! Loved your post on ""Why ceramides alone won't..."". Would love to partner on our GlowAura Botanicals campaign—open to chatting?",22
Grace Kelly Vance,Instagram,14100,4.1%,Fashion & Beauty,gracekellyliving@gmail.com,https://instagram.com/gracekelly_living,"Coastal Grandmother Aesthetic, Clean Skincare, Linen Wardrobe",PASSED,"[PASSED] Category 'Fashion & Beauty' matches target 'Fashion & Beauty'; Follower count (14,100) within valid range [5,000 - 100,000]; Engagement rate (4.1%) meets quality threshold (>= 2.0%); Content relevance verified with signals: skin, skincare, clean","Hi Grace,

Loved your recent post ""Morning seaside skincare routine: Gentle botanicals and mineral SPF""—your aesthetic and honest product reviews are so refreshing. I'm Alex with GlowAura Botanicals. We formulate gentle, botanical barrier essentials like our Hydrating Barrier Serum. Given your passion for coastal grandmother aesthetic, we'd be thrilled to send you our full PR collection and discuss a paid ambassador partnership. Would you be open to checking out our creative brief this week?

Cheers,
Alex Morgan",78,"Hey Grace, loved your recent ""Morning seaside skincare routine:..."" video! Would love to gift you our GlowAura Botanicals barrier serum for a collab—interested?",24
Leo Sterling,TikTok,87000,3.0%,Crypto,leo@sterlingcapital.xyz,https://tiktok.com/@leosterling_crypto,"Crypto Trends, Solana Ecosystem, NFT Drops",FAILED,[FAILED] Category 'Crypto' does not match target niche 'Fashion & Beauty'; Content themes show insufficient alignment with brand vertical,N/A (Failed Filtering),0,N/A (Failed Filtering),0
Zoe Henderson,Instagram,38900,3.7%,Fashion & Beauty,zoe@hendersoncreative.com,https://instagram.com/zoe_glowup,"College Budget Glow, Affordable Skincare, Lip Gloss",PASSED,"[PASSED] Category 'Fashion & Beauty' matches target 'Fashion & Beauty'; Follower count (38,900) within valid range [5,000 - 100,000]; Engagement rate (3.7%) meets quality threshold (>= 2.0%); Content relevance verified with signals: skin, skincare, glow","Hi Zoe,

I came across your feature on ""Skin barrier essentials you can buy on a student budget"" and loved how thoughtfully you explained ingredients. I'm reaching out from GlowAura Botanicals. We recently launched our Hydrating Barrier Serum, formulated with clean botanicals for dehydrated skin. Your college budget glow audience aligns seamlessly with our community, and we'd love to collaborate on a sponsored placement this month. Are you open to reviewing our campaign brief and rate card?

Warmly,
Alex Morgan",80,"Hi Zoe, big fan of your ""Skin barrier essentials you..."" content! Would love to collaborate with GlowAura Botanicals—can I send you details?",23
Fatima Noor,YouTube,57100,4.5%,Fashion & Beauty,fatima@noorcreatives.com,https://youtube.com/@fatimanoor_beauty,"Hijab Friendly Fashion, Halal Skincare, Dewy Bases",PASSED,"[PASSED] Category 'Fashion & Beauty' matches target 'Fashion & Beauty'; Follower count (57,100) within valid range [5,000 - 100,000]; Engagement rate (4.5%) meets quality threshold (>= 2.0%); Content relevance verified with signals: skin, skincare, barrier","Hi Fatima,

I came across your feature on ""Halal certified and clean barrier serums tested on dry skin"" and loved how thoughtfully you explained ingredients. I'm reaching out from GlowAura Botanicals. We recently launched our Hydrating Barrier Serum, formulated with clean botanicals for dehydrated skin. Your hijab friendly fashion audience aligns seamlessly with our community, and we'd love to collaborate on a sponsored placement this month. Are you open to reviewing our campaign brief and rate card?

Warmly,
Alex Morgan",80,"Hi Fatima, big fan of your ""Halal certified and clean..."" content! Would love to collaborate with GlowAura Botanicals—can I send you details?",23
Oliver Brooks,Instagram,26300,3.9%,Fashion & Beauty,oliver@brooksdigital.co,https://instagram.com/oliverbrooks_men,"Men's Grooming, Clean Shave Care, Post-Workout Skincare",PASSED,"[PASSED] Category 'Fashion & Beauty' matches target 'Fashion & Beauty'; Follower count (26,300) within valid range [5,000 - 100,000]; Engagement rate (3.9%) meets quality threshold (>= 2.0%); Content relevance verified with signals: skin, skincare, barrier","Hi Oliver,

Really enjoyed your breakdown on ""Fixing razor burn with hydrating barrier serums: 3 week result""—your practical, sleek bathroom aesthetic, no nonsense style resonated with me. I lead creator partnerships at GlowAura Botanicals. We formulate Hydrating Barrier Serum targeting barrier repair with botanical squalane and ceramides. Seeing your focus on men's grooming, we would love to sponsor a dedicated routine integration or UGC feature. Could I send across our brief and sample kit for you to test?

Best,
Alex Morgan",82,"Hey Oliver! Loved your post on ""Fixing razor burn with..."". Would love to partner on our GlowAura Botanicals campaign—open to chatting?",22
Ava Sinclair,TikTok,71800,5.1%,Fashion & Beauty,ava@sinclaircollective.com,https://tiktok.com/@avasinclair_skin,"Ingredient Deep Dives, Botanical Formulations, Skin Cycling",PASSED,"[PASSED] Category 'Fashion & Beauty' matches target 'Fashion & Beauty'; Follower count (71,800) within valid range [5,000 - 100,000]; Engagement rate (5.1%) meets quality threshold (>= 2.0%); Content relevance verified with signals: skin, serum, botanical","Hi Ava,

Loved your recent post ""Stop slugging with petroleum: Try botanical squalane serums instead""—your aesthetic and honest product reviews are so refreshing. I'm Alex with GlowAura Botanicals. We formulate gentle, botanical barrier essentials like our Hydrating Barrier Serum. Given your passion for ingredient deep dives, we'd be thrilled to send you our full PR collection and discuss a paid ambassador partnership. Would you be open to checking out our creative brief this week?

Cheers,
Alex Morgan",78,"Hey Ava, loved your recent ""Stop slugging with petroleum:..."" video! Would love to gift you our GlowAura Botanicals barrier serum for a collab—interested?",24
Rory Gallagher,YouTube,64000,3.3%,Gaming,rory@gallagheresports.com,https://youtube.com/@rorygaminglive,"Valorant Clips, Competitive FPS, Setup Tours",FAILED,[FAILED] Category 'Gaming' does not match target niche 'Fashion & Beauty'; Content themes show insufficient alignment with brand vertical,N/A (Failed Filtering),0,N/A (Failed Filtering),0
Chloe Jensen,Instagram,17400,4.2%,Fashion & Beauty,chloe@jensenmedia.dk,https://instagram.com/chloejensen_glow,"Nordic Skincare, Minimalist Routine, Barrier Hydration",PASSED,"[PASSED] Category 'Fashion & Beauty' matches target 'Fashion & Beauty'; Follower count (17,400) within valid range [5,000 - 100,000]; Engagement rate (4.2%) meets quality threshold (>= 2.0%); Content relevance verified with signals: skin, skincare, barrier","Hi Chloe,

I came across your feature on ""Copenhagen winter survival kit: 3 barrier products I swear by"" and loved how thoughtfully you explained ingredients. I'm reaching out from GlowAura Botanicals. We recently launched our Hydrating Barrier Serum, formulated with clean botanicals for dehydrated skin. Your nordic skincare audience aligns seamlessly with our community, and we'd love to collaborate on a sponsored placement this month. Are you open to reviewing our campaign brief and rate card?

Warmly,
Alex Morgan",79,"Hi Chloe, big fan of your ""Copenhagen winter survival kit:..."" content! Would love to collaborate with GlowAura Botanicals—can I send you details?",23
Maya Patel,Instagram,2900,3.8%,Fashion & Beauty,mayapatel.desi@gmail.com,https://instagram.com/mayasdesistyle,"Fusion Fashion, Everyday Jhumkas, Clean Lip Tints",FAILED,"[FAILED] Follower count (2,900) is below micro-influencer floor (5,000)",N/A (Failed Filtering),0,N/A (Failed Filtering),0
Leila Haddad,TikTok,83600,4.7%,Fashion & Beauty,collabs.leilahaddad@gmail.com,https://tiktok.com/@leila_nourish,"Skin Barrier TLC, Gua Sha Techniques, Hydrating Primers",PASSED,"[PASSED] Category 'Fashion & Beauty' matches target 'Fashion & Beauty'; Follower count (83,600) within valid range [5,000 - 100,000]; Engagement rate (4.7%) meets quality threshold (>= 2.0%); Content relevance verified with signals: skin, barrier, serum","Hi Leila,

Loved your recent post ""Gua Sha routine using hydrating barrier serum for zero drag""—your aesthetic and honest product reviews are so refreshing. I'm Alex with GlowAura Botanicals. We formulate gentle, botanical barrier essentials like our Hydrating Barrier Serum. Given your passion for skin barrier tlc, we'd be thrilled to send you our full PR collection and discuss a paid ambassador partnership. Would you be open to checking out our creative brief this week?

Cheers,
Alex Morgan",79,"Hey Leila, loved your recent ""Gua Sha routine using..."" video! Would love to gift you our GlowAura Botanicals barrier serum for a collab—interested?",24
Tessa Green,Instagram,24200,4.0%,Fashion & Beauty,tessa@greencollective.org,https://instagram.com/tessagreen_eco,"Refillable Beauty, Zero Waste Living, Plant Botanicals",PASSED,"[PASSED] Category 'Fashion & Beauty' matches target 'Fashion & Beauty'; Follower count (24,200) within valid range [5,000 - 100,000]; Engagement rate (4.0%) meets quality threshold (>= 2.0%); Content relevance verified with signals: skin, beauty, skincare","Hi Tessa,

I came across your feature on ""Sustainable skincare brands that actually use glass and clean formulas"" and loved how thoughtfully you explained ingredients. I'm reaching out from GlowAura Botanicals. We recently launched our Hydrating Barrier Serum, formulated with clean botanicals for dehydrated skin. Your refillable beauty audience aligns seamlessly with our community, and we'd love to collaborate on a sponsored placement this month. Are you open to reviewing our campaign brief and rate card?

Warmly,
Alex Morgan",79,"Hi Tessa, big fan of your ""Sustainable skincare brands that..."" content! Would love to collaborate with GlowAura Botanicals—can I send you details?",23
Julian Ortiz,Instagram,39500,3.1%,Parenting,julian@ortizfamily.com,https://instagram.com/julianortiz_parenting,"Toddler Routines, Dad Life, Family Travel",FAILED,[FAILED] Category 'Parenting' does not match target niche 'Fashion & Beauty'; Content themes show insufficient alignment with brand vertical,N/A (Failed Filtering),0,N/A (Failed Filtering),0
Sienna Clark,YouTube,51900,4.4%,Fashion & Beauty,sienna@clarktalents.com,https://youtube.com/@siennaclarbeauty,"Glass Skin Tutorials, Gentle Retinol Alternatives, Bakuchiol Serums",PASSED,"[PASSED] Category 'Fashion & Beauty' matches target 'Fashion & Beauty'; Follower count (51,900) within valid range [5,000 - 100,000]; Engagement rate (4.4%) meets quality threshold (>= 2.0%); Content relevance verified with signals: skin, barrier, serum","Hi Sienna,

Loved your recent post ""Bakuchiol vs Retinol for Sensitive Skin Barrier: 60 Day Results""—your aesthetic and honest product reviews are so refreshing. I'm Alex with GlowAura Botanicals. We formulate gentle, botanical barrier essentials like our Hydrating Barrier Serum. Given your passion for glass skin tutorials, we'd be thrilled to send you our full PR collection and discuss a paid ambassador partnership. Would you be open to checking out our creative brief this week?

Cheers,
Alex Morgan",79,"Hey Sienna, loved your recent ""Bakuchiol vs Retinol for..."" video! Would love to gift you our GlowAura Botanicals barrier serum for a collab—interested?",24
